Epoch Num,Average FID,Average Generator Loss,Average Discriminator Loss
0,89.24341187550993,44.57902908325195,8.043800354003906
1,73.89106357739075,29.283761978149414,0.09816702455282211
2,62.383702158014195,26.38944435119629,0.01325362641364336
3,73.65350873199483,25.016178131103516,0.0017779833870008588
4,61.42581068954992,24.94920539855957,0.0004540822992566973
5,75.41960743987855,24.48489761352539,0.0003153868019580841
6,68.2495456954095,24.59982681274414,0.00018190305854659528
7,71.0477012691147,24.21639633178711,0.0004855839943047613
8,69.42073068805044,23.635454177856445,0.00022297698887996376
